Accuracy,Precision,Recall,F1,ROC-AUC,ECE,Brier Score
0.5,0.0,0.0,0.0,0.47732955555555556,0.4754913840442896,0.4762747626874863
