Temperature,Raw ECE,Calibrated ECE,Raw Brier,Calibrated Brier
0.9967849850654602,0.25957250356674194,0.26021131621673704,0.1586032656333063,0.15859149939756673
