{
    "temperature": 1.4346168041229248,
    "raw_ece": 0.3112883260560532,
    "calibrated_ece": 0.3154353800142805,
    "raw_brier": 0.14286706813320474,
    "calibrated_brier": 0.15304182525328106
}