{
    "temperature": 2.2190804481506348,
    "raw_ece": 0.47549138218164444,
    "calibrated_ece": 0.3409528303444385,
    "raw_brier": 0.4762747619322969,
    "calibrated_brier": 0.3667991377736018
}