{
    "temperature": 0.9967849850654602,
    "raw_ece": 0.25957250356674194,
    "calibrated_ece": 0.26021131621673704,
    "raw_brier": 0.1586032656333063,
    "calibrated_brier": 0.15859149939756673
}