{
    "jpeg_q75": {
        "accuracy": 0.49566666666666664,
        "precision": 0.48484848484848486,
        "recall": 0.13866666666666666,
        "f1": 0.21565578019699327,
        "roc_auc": 0.4908328888888889
    },
    "jpeg_q50": {
        "accuracy": 0.5,
        "precision": 0.5,
        "recall": 0.064,
        "f1": 0.11347517730496454,
        "roc_auc": 0.4865777777777778
    },
    "resize_down_up": {
        "accuracy": 0.5,
        "precision": 0.5,
        "recall": 0.005333333333333333,
        "f1": 0.010554089709762533,
        "roc_auc": 0.49848977777777775
    },
    "center_crop": {
        "accuracy": 0.5166666666666667,
        "precision": 0.5722543352601156,
        "recall": 0.132,
        "f1": 0.21451787648970747,
        "roc_auc": 0.6473431111111111
    },
    "gaussian_noise": {
        "accuracy": 0.5046666666666667,
        "precision": 0.5036008230452675,
        "recall": 0.6526666666666666,
        "f1": 0.5685249709639953,
        "roc_auc": 0.505503111111111
    },
    "screenshot_like": {
        "accuracy": 0.5036666666666667,
        "precision": 0.582089552238806,
        "recall": 0.026,
        "f1": 0.04977664326738992,
        "roc_auc": 0.6119577777777777
    }
}